Data publikacji,2007-03-30,2008-03-30,2009-03-30,2010-03-30,2011-03-30,2012-03-29,2013-02-27,2014-02-27,2015-02-26,2016-02-26,2017-02-28,2018-02-27,2019-02-27,2020-02-27,2021-02-25,2022-02-24,2023-02-23,2023-11-09
Przepływy pieniężne z działalności operacyjnej,-25551,2615,-1842,97261,-47953,37807,-118492,33186,146633,-62211,39428,146399,70227,111998,157590,167950,-246712,-305645
Amortyzacja,5364,4624,8388,8254,8919,8550,8871,7638,10087,10041,6453,7784,9651,15309,12733,15875,25473,35844
Przepływy pieniężne z działalności inwestycyjnej,-3085,-18533,-40440,-9671,-16590,-11858,-6419,-9774,-5482,-16190,-9654,-7321,-11779,-13824,-17871,-61018,-48750,-32494
CAPEX (niematerialne i rzeczowe),4747,19765,41575,13371,16163,13393,7445,11500,16207,17387,10131,8118,11332,10899,16597,56751,50660,67323
Przepływy pieniężne z działalności finansowej,31756,54963,-6146,-20214,19483,-33186,51627,-8708,-39702,-19619,-20378,-1925,-12670,-21472,-6758,44250,37662,-17223
Emisja akcji,0,0,0,0,0,0,0,0,0,0,0,0,0,0,0,0,0,0
Dywidenda,2794,2338,9863,0,0,0,0,8337,11654,0,0,5796,12520,23124,35476,90100,72942,109199
Skup akcji,0,0,0,0,0,0,0,0,0,0,0,0,0,615,135,0,4389,0
Płatności z tytułu umów leasingu,,,,,,,,,,,,,,,,,,0
Przepływy pieniężne razem,3120,39045,-48428,67375,-45060,-7238,-73284,14705,101449,-98019,9395,137153,45778,76702,132961,151182,-257800,-355362
Free Cash Flow,-30298,-17150,-43417,83890,-64116,24414,-125937,21686,130426,-79598,29297,138281,58896,101099,140993,111199,-297372,-372968
